Num;Actor specified;Type;Protests 2011;Protests 2012;Protests 2013;Protesters 2011;Protesters 2012;Protesters 2013;Summ Protests;Summ Protesters;Categories by summ of protesters;betw
1;4Reva;2;;3;5;;10;222;8;232;2;grey
2;8th of May Movement';2;1;;;;;;1;0;1;grey
3;Action;2;1;;;49;;;1;49;1;grey
4;Active-invest;2;1;;;0;;;1;0;1;grey
5;Active-Z;2;;;2;;;400;2;400;2;grey
6;Activists of Russian and Cossack organizations of the Crimea;2;;1;;;;;1;0;1;grey
7;Advanced Gay detachment of Ukraine (Peredovoy gey otryad Ukrainu);2;;;1;;;3;1;3;1;grey
8;Afghan veterans;2;12;14;6;2028;2316;2173;32;6517;5;grey
9;Against the Current;2;1;;;19;;;1;19;1;grey
10;Agape;2;;1;1;;19;;2;19;1;grey
11;Aids and TB;2;;1;;;29;;1;29;1;grey
12;AIESEC;2;;1;1;;31;31;2;62;1;grey
13;Alcostop;2;;;1;;;29;1;29;1;grey
14;Aleteia;2;;;1;;;15;1;15;1;grey
15;Alfa-Nik;2;;;1;;;501;1;501;3;grey
16;All-Ukrainian organization 'Society Control';2;;1;;;;;1;0;1;grey
17;All-Ukrainian Public Organization Military Union of Ukraine;2;2;;;0;;;2;0;1;grey
18;All-Ukrainian trade union National Solidarity;3;1;;;399;;;1;399;2;grey
19;All-Ukrainian Union of Russian Compatriots;2;;1;;;99;;1;99;1;grey
20;All-Ukrainian Union of Veterans;2;1;;;79;;;1;79;1;grey
21;AllUkrainian commission of justice;2;;;1;;;849;1;849;3;grey
22;AllUkrainian national organization of motorbikers;2;;;1;;;;1;0;1;grey
23;Alma-mater;2;;;2;;;60;2;60;1;grey
24;Amnesty International;2;1;5;2;0;20;11;8;31;1;grey
25;AmoRe;2;;;1;;;35;1;35;1;grey
26;Animal rights;2;;4;;;144;;4;144;2;grey
27;Anonymous international;2;;;2;;;;2;0;1;grey
28;Anti-corruption committee;2;1;;2;0;;62;3;62;1;grey
29;Anti-Criminal Choice;2;;1;;;;;1;0;1;grey
30;Anti-raiders committee;2;;1;;;999;;1;999;3;grey
31;AntiBeton;2;1;;;;;;1;0;1;grey
32;Antifascist Committee of Ukraine;2;1;1;3;31;99;295;5;425;2;grey
33;Antisect (Antusekta);2;;;1;;;20;1;20;1;grey
34;Arabic hackers;2;;1;;;;;1;0;1;grey
35;Areket;2;;;1;;;101;1;101;2;grey
36;Armenian diaspora;2;;1;;;301;;1;301;2;grey
37;Army of Svyatoslav the Brave;2;;;1;;;499;1;499;2;grey
38;Arselor-Mittal trade union;3;;1;;;1500;;1;1500;3;grey
39;Arsenal club;2;1;;;;;;1;0;1;grey
40;Art Group Egg;2;1;;;0;;;1;0;1;grey
41;Assalam;2;;1;;;31;;1;31;1;grey
42;Assembly of civic organizations of small and middle business of Ukraine;2;8;;;402;;;8;402;2;grey
43;Assembly of Civil Organizations;2;1;;;501;;;1;501;3;grey
44;Assembly of Entrepreneurs Kray;2;1;;;501;;;1;501;3;grey
45;Assembly of Human Rights NGOs of Ukraine;2;1;;;;;;1;0;1;grey
46;Assembly of Small and Middle Business Organizations;2;5;4;;579;38;;9;617;3;grey
47;Association for defending of rights of car owners;2;;;1;;;99;1;99;1;grey
48;Association for Proteñtion of the Investor's Rights;2;;1;2;;99;198;3;297;2;grey
49;Association of animal rights organizations;2;1;3;2;;244;58;6;302;2;grey
50;Association of businessmen working on Lviv markets;3;;1;;;49;;1;49;1;grey
51;Association of cyclists of Lutsk;2;1;;;0;;;1;0;1;grey
52;Association of dormitory dwellers of Crimea;2;;;2;;;84;2;84;1;grey
53;Association of farmers and landowners;2;1;;;0;;;1;0;1;grey
54;Association of heads of education institutions;2;;1;;;2999;;1;2999;4;grey
55;Association of housing owners of Melitopol;2;;;2;;;128;2;128;2;grey
56;Association of researchers of famines in Ukraine;2;1;;;79;;;1;79;1;grey
57;Association of Small and Medium Business;2;;5;;;350;;5;350;2;grey
58;Association of the Political Prisoners and the Repressed;2;1;;2;199;;1068;3;1267;3;grey
59;Association of trade unions in Lviv region;3;3;1;;29;29;;4;58;1;grey
60;Association of trade unions of Kharkiv oblast';3;1;;;1999;;;1;1999;3;grey
61;Association of Ukrainian Banks;2;2;;;49;;;2;49;1;grey
62;Association of veterans of MIA;2;;;1;;;175;1;175;2;grey
63;Association of women-deputies of local councils of the region;2;1;;;;;;1;0;1;grey
64;Association of Zoo-Protector Organizations;2;1;;;0;;;1;0;1;grey
65;Assosiation of bicyclists of Kyiv;2;1;;;399;;;1;399;2;grey
66;Assosiation of social advertisments developers;2;;;1;;;101;1;101;2;grey
67;AST;3;2;6;7;;591;179;15;770;3;grey
68;Authonomous rightists;2;;3;;;1897;;3;1897;3;grey
69;Automobile Club of Kyiv;2;;;1;;;;1;0;1;grey
70;Autonomous action;2;;;1;;;41;1;41;1;grey
71;Autonomous Nationalists;2;6;22;1;0;1449;51;29;1500;3;grey
72;Autonomous Resistance;2;18;39;34;2389;4137;3974;91;10500;5;grey
73;Autonomous society Hrusha;2;;1;;;999;;1;999;3;grey
74;Autonomous Union workers;3;1;;;;;;1;0;1;grey
75;Banderstadt;2;;1;;;;;1;0;1;grey
76;Beautiful City;2;;;2;;;34;2;34;1;grey
77;Belorussian Society Pagonya;2;1;;;0;;;1;0;1;grey
78;Bicycle riders of Kiev;2;;2;;;;;2;0;1;grey
79;Bicycle riders of Uzhgorod;2;;1;;;301;;1;301;2;grey
80;BIDE (Fighters for ideal democracy);2;;;1;;;4;1;4;1;grey
81;BikeLand;2;1;;;0;;;1;0;1;grey
82;BikePoltava (Velopoltava);2;2;;;0;;;2;0;1;grey
83;Bikers of Odesa;2;;1;;;21;;1;21;1;grey
84;Bilychanskyi forest defenders;2;;1;;;29;;1;29;1;grey
85;Black Committee;2;13;16;16;99;44;359;45;502;3;grey
86;Black Sea cossacs of B.Khmelnitsky;2;;1;1;;49;31;2;80;1;grey
87;Blacksea Cossack;2;;;5;;;68;5;68;1;grey
88;Blacksmiths' society;2;;1;;;;;1;0;1;grey
89;Block of National Powers of Bukovyna;2;1;;;71;;;1;71;1;grey
90;BMW Ternopil;2;;;3;;;276;3;276;2;grey
91;Bolgarian union;2;;1;;;;;1;0;1;grey
92;Borets;2;;1;;;31;;1;31;1;grey
93;Borotba;2;;19;35;;1579;2316;54;3895;4;red
94;Boyars'ka Varta;2;;2;;;;;2;0;1;grey
95;Boykivshchyna - XXI;2;;1;;;31;;1;31;1;grey
96;Bratstvo;2;5;11;5;19;19;31;21;69;1;grey
97;Break Through (Prorvemsia);2;1;;;249;;;1;249;2;grey
98;Brigade of Ukrainian People's Terror;2;1;;;0;;;1;0;1;grey
99;Bright;2;;;1;;;;1;0;1;grey
100;Brotherhood of UPA soldiers;2;;7;;;315;;7;315;2;grey
101;Bulava;2;;;1;;;21;1;21;1;grey
102;Business-union Porada;2;;;1;;;149;1;149;2;grey
103;BYT;1;173;393;292;24165;117872;205341;858;347378;6;grey
104;Catholic church;2;;3;;;120;;3;120;2;grey
105;Center for National Rebirth;2;1;;;79;;;1;79;1;grey
106;Center of animals adoption;2;1;;;19;;;1;19;1;grey
107;Center of Effective Communication;2;2;;;9;;;2;9;1;grey
108;Center of Youth Initiatives;2;;2;;;;;2;0;1;grey
109;Center UA;2;;1;;;101;;1;101;2;grey
110;Centre for animal help;2;;;1;;;29;1;29;1;grey
111;Centre for civic liberties;2;;1;;;;;1;0;1;grey
112;Centre for International Law Protection;2;;;1;;;31;1;31;1;grey
113;Centre for Political Studies;2;;;1;;;101;1;101;2;grey
114;Centre for Youth Movement Research;2;;;1;;;31;1;31;1;grey
115;Centre Life;2;;1;;;;;1;0;1;grey
116;Centre of Civic Representation Life;2;;1;;;;;1;0;1;grey
117;Centre of legal self-protection;2;;;1;;;9;1;9;1;grey
118;Centre of Visual Culture;2;1;;;251;;;1;251;2;grey
119;Centre of Women Global Leadership;2;;1;;;75;;1;75;1;grey
120;Charity fund Kind heart;2;;1;;;;;1;0;1;grey
121;Chernihiv entrepreneurs trade union;3;1;1;;2001;99;;2;2100;4;grey
122;Chernihiv Human Rights Committee;2;;1;1;;;11;2;11;1;grey
123;Chernivtsi trade union of enterprises' defense;3;1;;;;;;1;0;1;grey
124;Chervonii Shlyakh vicinity school;2;;;1;;;31;1;31;1;grey
125;Chesno movement;2;;8;;;6;;8;6;1;grey
126;Children of Crisis;2;4;;1;110;;9;5;119;2;grey
127;Children of War;2;6;2;3;3656;298;277;11;4231;4;grey
128;Chornobyl;2;2;3;;301;29;;5;330;2;grey
129;Chornobyl and war invalids Union;2;1;1;;;;;2;0;1;grey
130;Chornobyl catastrophe liquidators veterans union;2;5;3;;1198;51;;8;1249;3;grey
131;Chornobyl Children;2;3;1;1;199;29;29;5;257;2;grey
132;Chornobyl Spas;2;1;1;;150;99;;2;249;2;grey
133;Chornobyl Union of Ukraine;2;45;32;11;7419;3529;1486;88;12434;5;grey
134;Chornobyl veterans and warriors-internationalists;2;1;;;;;;1;0;1;grey
135;Chornobyl victims;2;1;8;2;301;594;548;11;1443;3;grey
136;Chornobyl-86;2;;3;;;697;;3;697;3;grey
137;Chornobyl-unity;2;3;;1;0;;151;4;151;2;grey
138;Christian;2;;;1;;;501;1;501;3;grey
139;Christian council;2;1;;;19;;;1;19;1;grey
140;Christian Democratic party;1;1;;;2001;;;1;2001;4;grey
141;Christian democratic Youth Union;2;1;;;;;;1;0;1;grey
142;Christian Ukrainians in Italy;2;;;1;;;25;1;25;1;grey
143;Citizens control and help;2;;;1;;;16;1;16;1;grey
144;City Green Management (GorZelenTrest);2;;;1;;;89;1;89;1;grey
145;City of Cossacs;2;;;2;;;11;2;11;1;grey
146;City organization of veterans;2;;;1;;;99;1;99;1;grey
147;Civic Alliance;2;;;2;;;58;2;58;1;grey
148;Civic Committee for Bilychan Forest;2;;1;;;;;1;0;1;grey
149;Civic Communal Self-Defence;2;;;2;;;54;2;54;1;grey
150;Civic congress;2;;1;;;3001;;1;3001;4;grey
151;Civic Control;2;;3;2;;72;104;5;176;2;grey
152;Civic Council of Pyatikhatky;2;1;;;25;;;1;25;1;grey
153;Civic Defense;2;;6;6;;929;1328;12;2257;4;grey
154;Civic defense of the Motherland;2;;2;;;;;2;0;1;grey
155;civic ecological council of Mariupol;2;;;1;;;;1;0;1;grey
156;Civic ecological initiatives;2;;;1;;;5;1;5;1;grey
157;Civic Freedoms Centre;2;;2;;;1;;2;1;1;grey
158;Civic monitoring committee;2;;;1;;;9;1;9;1;grey
159;Civic Monitoring of Corruption Prevention Programme Realization;2;;;1;;;31;1;31;1;grey
160;Civic Movement Response;2;1;;;;;;1;0;1;grey
161;Civic offensive;2;2;;;79;;;2;79;1;grey
162;Civic Position;1;12;110;9;2172;36634;962;131;39768;6;grey
163;Civic protest;2;;;1;;;299;1;299;2;grey
164;Civic Society Institute;2;;1;;;;;1;0;1;grey
165;Civic Union For Justice;2;;1;;;;;1;0;1;grey
166;Civic Union of Luhansk region;2;;;1;;;45;1;45;1;grey
167;Civil Power;2;1;;;41;;;1;41;1;grey
168;Coalition against discrimination;2;;;1;;;31;1;31;1;grey
169;Commitee for Ukrainian language;2;;1;;;;;1;0;1;grey
170;Committe for restoration of historical justice;2;;1;;;;;1;0;1;grey
171;Committee for Political Prisoners Liberation;2;2;11;9;79;161;2245;22;2485;4;grey
172;Committee of authorities monitoring;2;1;;;31;;;1;31;1;grey
173;Committee of Dictatorship Resistance;2;10;9;2;598;493;39;21;1130;3;grey
174;Committee of energetical security of Ukraine;2;1;;;0;;;1;0;1;grey
175;Committee of Voters;2;;2;6;;316;308;8;624;3;grey
176;Common Cause;2;14;7;21;6654;826;12614;42;20094;6;grey
177;Communion of the Officers;2;;1;;;;;1;0;1;grey
178;Communion of the Political Repressions Victims;2;;1;;;;;1;0;1;grey
179;Communist Marxist-Leninist party;1;;;1;;;199;1;199;2;grey
180;Communist party of Workers and Peasants;1;4;1;;2099;;;5;2099;4;grey
181;Community against injustice;2;;4;2;;117;33;6;150;2;grey
182;Concerned (Nebaiduzhi);2;;;1;;;19;1;19;1;grey
183;Confederation of Free Trade Unions of Ukraine;3;7;3;3;1979;527;66;13;2572;4;grey
184;Confederation of labor of Ukraine;3;;1;;;99;;1;99;1;grey
185;Confederation of Lemki organizations;2;;;1;;;301;1;301;2;grey
186;Congress of Azerbaidgans;2;;1;1;;;31;2;31;1;grey
187;Congress of Ukrainian inelligentsia;2;;1;;;199;;1;199;2;grey
188;Congress of Ukrainians;2;1;;;;;;1;0;1;grey
189;Contemporary;2;1;;;;;;1;0;1;grey
190;Control for justice;2;;1;;;17;;1;17;1;grey
191;Control of community;2;2;;;31;;;2;31;1;grey
192;Coordination committee Lviv Maidan;2;;;1;;;15015;1;15015;6;grey
193;Coordination council of NGOs;2;1;;;;;;1;0;1;grey
194;Coordination council of Russian organizations in Tavrida and Sevastopol;2;;1;;;29;;1;29;1;grey
195;Coordination council on Ukrainian language defense;2;1;;;;;;1;0;1;grey
196;CORD;2;;3;;;510;;3;510;3;grey
197;Cossac palanka;2;;;10;;;607;10;607;3;grey
198;Cossack riflemen brotherhood;2;;1;;;101;;1;101;2;grey
199;Cossacks;2;2;2;13;400;10;3146;17;3556;4;grey
200;cossacks of Crimea;2;;1;;;199;;1;199;2;grey
201;Cossacks of Zaporizhzhia;2;;2;1;;31;501;3;532;3;grey
202;Cossak division of Ivan Bogun;2;;;1;;;29;1;29;1;grey
203;Council Cossack chieftain Ukraine;2;1;;;79;;;1;79;1;grey
204;Council of Civic Organizations;2;;1;;;301;;1;301;2;grey
205;Council of ecologic civil organizations;2;;1;;;;;1;0;1;grey
206;Council of NGOs of Mariupol (RGOM);2;;2;;;4300;;2;4300;4;grey
207;Country Renewal;2;1;;;;;;1;0;1;grey
208;CPU;1;139;152;209;12660;50263;98167;500;161090;6;grey
209;CPU youth;2;;1;;;;;1;0;1;grey
210;Creative Youth;2;;2;8;;33;243;10;276;2;grey
211;Crimea Human Rights Centre Action;2;;1;;;;;1;0;1;grey
212;Crimea Rights Protection Movement;2;;1;;;;;1;0;1;grey
213;Crimean Muslims;2;;1;;;2001;;1;2001;4;grey
214;Crimean Partizans;2;;5;;;17;;5;17;1;grey
215;Crimean Republican Committee of Workers and Peasants Communist Party;1;1;;;0;;;1;0;1;grey
216;Crimean Russian community;2;;1;;;;;1;0;1;grey
217;Crimean Tartars;2;1;12;3;0;2661;23689;16;26350;6;grey
218;Davet community;2;;2;;;1039;;2;1039;3;grey
219;De Facto;2;;1;;;;;1;0;1;grey
220;Debate Academy;2;1;2;;149;;;3;149;2;grey
221;Defence of Justice;2;;;2;;;350;2;350;2;grey
222;Democratic Alliance;1;21;32;24;77;869;1334;77;2280;4;grey
223;Democratic Space;2;;1;;;201;;1;201;2;grey
224;Democratic trade union of Ukraine;3;;;1;;;19;1;19;1;grey
225;Direct Action;3;28;16;12;9319;824;1666;56;11809;5;red
226;Director of the shipyard Liman Sergei Isakov;2;1;;;0;;;1;0;1;grey
227;Dobro;2;;1;;;199;;1;199;2;grey
228;Don't Be Indifferent;2;;1;;;101;;1;101;2;grey
229;Donbass Rus;2;;;1;;;151;1;151;2;grey
230;Donetsk Chornobyl;2;1;;;0;;;1;0;1;grey
231;Donetsk ecological movement;2;2;;;79;;;2;79;1;grey
232;Donetsk transporters union;3;;;1;;;69;1;69;1;grey
233;Dozor;2;2;6;3;69;1417;1867;11;3353;4;grey
234;Dynamo fans;2;;;3;;;695;3;695;3;grey
235;Dzherelo Prava (rights source);2;;1;;;4;;1;4;1;grey
236;Earthers;2;;1;;;101;;1;101;2;grey
237;East-European Wing of Anonymous Group;2;;;1;;;;1;0;1;grey
238;Eastern center of public initiatives;2;1;;;31;;;1;31;1;grey
239;Eco-movement of Donetsk;2;;;1;;;15;1;15;1;grey
240;Ecoaction;2;;;1;;;199;1;199;2;grey
241;Ecological Action Union;2;1;;;0;;;1;0;1;grey
242;Ecological frontier;2;;;1;;;9;1;9;1;grey
243;Ecological Resistance;2;;3;2;;32;11;5;43;1;grey
244;Ecological society of Donbass;2;;1;;;150;;1;150;2;grey
245;Ecological Watch;2;;2;1;;19;31;3;50;1;grey
246;Ecology and Peace;2;1;;;;;;1;0;1;grey
247;Ecology and social security;2;;1;;;39;;1;39;1;grey
248;Education workers trade unions;3;1;;;0;;;1;0;1;grey
249;Embassy of God;2;;1;;;11;;1;11;1;grey
250;Entrepreneur Union of Kryvyi Rih;3;;;3;;;132;3;132;2;grey
251;Entrepreneurs of Podillia;3;1;;;;;;1;0;1;grey
252;Entrepreneurs of Ternopil;3;1;;;301;;;1;301;2;grey
253;Entrepreneurs Regional council;2;;;1;;;149;1;149;2;grey
254;Entrepreneurs' Self-defence;2;1;;;301;;;1;301;2;grey
255;Essence of Time;2;;;1;;;51;1;51;1;grey
256;Eternal Flame;2;;;1;;;2501;1;2501;4;grey
257;Etra;2;;;1;;;41;1;41;1;grey
258;Eurasia youth union;2;;;1;;;151;1;151;2;grey
259;Eurasian people's union;2;;1;;;99;;1;99;1;grey
260;Eurasian Youth Union (ESM);2;;;1;;;699;1;699;3;grey
261;Euro youth;2;;;3;;;499;3;499;2;grey
262;Euroclub;2;;;1;;;6999;1;6999;5;grey
263;Euronastup;2;;;10;;;1336;10;1336;3;grey
264;Europe into every house;2;;;1;;;99;1;99;1;grey
265;European Party of Ukraine;1;1;7;7;299;1901;24596;15;26796;6;grey
266;Evangelic and Greek-Catholic Churches;2;;;1;;;501;1;501;3;grey
267;Express;2;;1;;;19;;1;19;1;grey
268;Falanster;2;;;1;;;49;1;49;1;grey
269;Falcon;2;;2;;;101;;2;101;2;grey
270;Falun Dafa religious organization;2;;;1;;;31;1;31;1;grey
271;Family and Life;2;;;1;;;;1;0;1;grey
272;Family values;2;;;1;;;501;1;501;3;grey
273;Farmers' association;2;1;;;99;;;1;99;1;grey
274;FC Dnipro Dnipropetrovsk fans;2;;1;;;125;;1;125;2;grey
275;FC Dynamo Kiev;2;;1;;;125;;1;125;2;grey
276;FC Karpaty Lviv fans;2;;2;;;30;;2;30;1;grey
277;FC Mykolaiv fans;2;;2;;;41;;2;41;1;grey
278;FC Obolon Kiev;2;;1;;;125;;1;125;2;grey
279;FC SD fans;2;;1;;;101;;1;101;2;grey
280;Federation of autosport of Sumy;2;;1;;;;;1;0;1;grey
281;Federation of sea trade unions of Ukraine;3;;1;;;;;1;0;1;grey
282;Federation of small and medium business;3;1;;;;;;1;0;1;grey
283;Federation of trade unions;3;12;1;1;1999;;299;14;2298;4;grey
284;Federation of trade unions;3;1;;;;;;1;0;1;grey
285;FEMEN;2;42;23;5;0;60;14;70;74;1;grey
286;Feminist Offensive;2;;3;2;;199;301;5;500;3;grey
287;Ferenc Rakoczi Transcarpathian Hungarian Institute;2;;;1;;;20;1;20;1;grey
288;Fight Club;2;2;1;;99;6;;3;105;2;grey
289;Fighter;2;1;;;;;;1;0;1;grey
290;FoC;1;89;221;53;18143;69281;103070;363;190494;6;grey
291;FoC youth;2;;1;;;29;;1;29;1;grey
292;football fans of FCDK;2;1;;;0;;;1;0;1;grey
293;For accessible public space;2;;;1;;;31;1;31;1;grey
294;For all Odesa;2;;;2;;;72;2;72;1;grey
295;For clear environment;2;;;1;;;1251;1;1251;3;grey
296;For cultural and language equality;2;1;;;;;;1;0;1;grey
297;For European capital;2;;;1;;;151;1;151;2;grey
298;For Fair Taxes;2;1;;;999;;;1;999;3;grey
299;For freedom of peaceful assemblies coalition;2;;;1;;;51;1;51;1;grey
300;For healthy lifestyle;2;;;1;;;15;1;15;1;grey
301;For Justice;2;;1;1;;;;2;0;1;grey
302;For lawful country;2;;1;;;;;1;0;1;grey
303;For Life;2;;3;2;;101;;5;101;2;grey
304;For Peaceful Protest;2;3;2;5;0;29;99;10;128;2;grey
305;For Smoking-Free Ukraine;2;;;2;;;60;2;60;1;grey
306;For Soviet Union;2;;1;;;99;;1;99;1;grey
307;For the future of Ukrainian children;2;2;;1;700;;151;3;851;3;grey
308;For the rights of citizens on ecological safety;2;;;1;;;31;1;31;1;grey
309;For the Rights of People;2;1;;;0;;;1;0;1;grey
310;For Ukraine;1;18;6;2;5420;5482;999;26;11901;5;grey
311;For United Rus' (Za Yedinuyu Rus');2;2;1;2;199;29;49;5;277;2;grey
312;For Vyshneve;2;1;;;0;;;1;0;1;grey
313;For Woman's Future;2;;;1;;;301;1;301;2;grey
314;Forpost Odesa;2;;;1;;;25;1;25;1;grey
315;Fortress;2;1;1;;2001;16;;2;2017;4;grey
316;Forum;2;;1;1;;;31;2;31;1;grey
317;Forum of Kyiv Rescue;2;;7;9;;148;1081;16;1229;3;grey
318;Forum Poryatynky Kyiva;2;1;;;19;;;1;19;1;grey
319;Forward;2;20;6;;2053;900;;26;2953;4;grey
320;Foundation Center of Social Programs;2;;;1;;;29;1;29;1;grey
321;Foundation of Youth initiatives Wings;2;;;1;;;;1;0;1;grey
322;Foundations of freedom;2;;;1;;;41;1;41;1;grey
323;Free Democrats Party;1;;;2;;;198;2;198;2;grey
324;Free Earth;2;;;1;;;;1;0;1;grey
325;Free land (Svobodnyj kraj);2;1;;;301;;;1;301;2;grey
326;Free railwaymen trade union of Ukraine;3;;;1;;;;1;0;1;grey
327;Free Space;2;1;6;1;301;168;;8;469;2;grey
328;Free trade union and autonomous resistance activists;3;1;;;;;;1;0;1;grey
329;Free trade union of drivers;3;;1;;;59;;1;59;1;grey
330;Free Trade Union of Entrepreneurs of Ukraine;3;7;;;1753;;;7;1753;3;grey
331;Free Trade union of Frunze SMPO;3;4;;;99;;;4;99;1;grey
332;Free Trade Union of Kharkiv railroad;3;;1;;;101;;1;101;2;grey
333;Free trade union of Pryvokzalnyj market;3;;1;;;29;;1;29;1;grey
334;Free trade union of railway workers at Debaltsevo depot;3;1;;;0;;;1;0;1;grey
335;Free Trade Unions of Doctors in Ukraine;3;1;;;0;;;1;0;1;grey
336;Free Union;2;1;;;41;;;1;41;1;grey
337;FRI;2;17;15;9;788;238;187;41;1213;3;red
338;Friend;2;;;1;;;;1;0;1;grey
339;Friendly House;2;;;1;;;29;1;29;1;grey
340;Front of people opposition to eurocolonisation;2;;;1;;;351;1;351;2;grey
341;FSO Ukraine;2;;;1;;;;1;0;1;grey
342;Future Ukraine;2;2;;;0;;;2;0;1;grey
343;Galicia Biker club;2;;;2;;;276;2;276;2;grey
344;Gay vanguard of Ukraine;2;;;1;;;;1;0;1;grey
345;gender ideology;2;;1;;;19;;1;19;1;grey
346;gender ideology and juvenile justice;2;;1;;;149;;1;149;2;grey
347;General confederation of workers anarchic-syndicalists;2;1;;;0;;;1;0;1;grey
348;General Protest;2;;;5;;;415;5;415;2;grey
349;Generation Crimea;2;1;2;1;501;398;139;4;1038;3;grey
350;Genplan initiative;2;;;1;;;299;1;299;2;grey
351;Georgian community Aragvi;2;;;1;;;19;1;19;1;grey
352;Georgian minority in Ukraine;2;1;;;21;;;1;21;1;grey
353;Gift of Life;2;;1;;;99;;1;99;1;grey
354;Give Paw;2;;;1;;;;1;0;1;grey
355;Giving life;2;;1;;;399;;1;399;2;grey
356;Global Mutual Help Desk;2;;;1;;;;1;0;1;grey
357;Golden autumn;2;;1;1;;11;;2;11;1;grey
358;Gorelektrotrans independent trade union;3;5;;;163;;;5;163;2;grey
359;GRAd;2;3;3;;151;149;;6;300;2;grey
360;Granite;2;1;;;;;;1;0;1;grey
361;Green deputy;2;;1;;;;;1;0;1;grey
362;Green Front;2;14;7;5;855;179;158;26;1192;3;grey
363;Green Future;2;;1;;;29;;1;29;1;grey
364;Green party;1;;1;;;99;;1;99;1;grey
365;Green Peace;2;;;1;;;101;1;101;2;grey
366;Green Planet;2;1;1;;49;19;;2;68;1;grey
367;Green ribbon;2;;;1;;;;1;0;1;grey
368;Green World;2;;1;;;;;1;0;1;grey
369;Green zone;2;;1;;;;;1;0;1;grey
370;Gromadyanska pozytsia;2;;;4;;;335;4;335;2;grey
371;Guards of Ocean;2;;1;;;;;1;0;1;grey
372;Gurvitz;2;1;;;0;;;1;0;1;grey
373;Guy Fawkes;2;;;14;;;1261;14;1261;3;grey
374;Handicapped Chornobyl veterans fund;2;;;2;;;33;2;33;1;grey
375;Healthy family - success of nation;2;;1;;;11;;1;11;1;grey
376;Healthy Nation;2;;;2;;;230;2;230;2;grey
377;Healthy sport of healthy streets;2;;1;;;31;;1;31;1;grey
378;Heritage;2;;;1;;;401;1;401;2;grey
379;Hizb ut-Tahrir party;1;;2;;;3000;;2;3000;4;grey
380;Hope of Ukraine;2;;2;;;7;;2;7;1;grey
381;House of mercy;2;;1;1;;11;;2;11;1;grey
382;Human rights activists in action;2;1;;;;;;1;0;1;grey
383;Human Rights Group Postup;2;9;2;1;455;99;15;12;569;3;grey
384;Human Rights Movement of the Crimea;2;;1;1;;2001;1501;2;3502;4;grey
385;Hungarian culture community of Zakarpattya;2;;;1;;;49;1;49;1;grey
386;Hutsuls;2;;3;;;31;;3;31;1;grey
387;I hate Avtodor;2;;;1;;;51;1;51;1;grey
388;I have a choice;2;1;;;199;;;1;199;2;grey
389;I love Zhytomyr;2;1;;;0;;;1;0;1;grey
390;I pay and cry;2;;1;;;;;1;0;1;grey
391;I want to breathe youth;2;;1;;;;;1;0;1;grey
392;Idea of Nation;2;;;4;;;21;4;21;1;grey
393;Imperial cossacs Union;2;;;1;;;499;1;499;2;grey
394;Independent agency of journalist investigations;2;1;;;19;;;1;19;1;grey
395;Independent media trade union of Ukraine (NMPU);3;1;3;13;0;230;600;17;830;3;grey
396;Independent trade union;3;;;1;;;51;1;51;1;grey
397;Independent trade union of entrepreneurs;3;1;;;301;;;1;301;2;grey
398;independent trade union of Frunze plant;3;;;1;;;19;1;19;1;grey
399;Independent trade union of Malyshev Factory;3;1;;;0;;;1;0;1;grey
400;Independent Trade Union of Miners of Ukraine (NPGU);3;8;1;4;1600;11;71;13;1682;3;grey
401;Independent Trade Union of Servicemen;3;;1;;;99;;1;99;1;grey
402;Independent trade union of Southern railway's Train shed No.1;3;1;;;299;;;1;299;2;grey
403;Independent trade union of Sverdlovsk;3;1;;1;0;;19;2;19;1;grey
404;independent trade union of workers of Izmail port;3;;;2;;;602;2;602;3;grey
405;independent trade union of Zhytomyr trolley department workers;3;;;1;;;51;1;51;1;grey
406;Independent Trade Union Student Action;3;1;;;0;;;1;0;1;grey
407;Independent Unions of Luhansk Enterpreneurs;3;1;;;799;;;1;799;3;grey
408;Information Centre on Human Rights;2;;2;;;69;;2;69;1;grey
409;Insight;2;3;2;2;251;149;281;7;681;3;grey
410;Institute of Modern Ukrainian Problems;2;;1;;;31;;1;31;1;grey
411;Institute Republic;2;;1;3;;31;81;4;112;2;grey
412;Intelligentsia for Socialism;2;;;1;;;91;1;91;1;grey
413;Intercontinental Student Community;2;;;1;;;31;1;31;1;grey
414;International congress of human and animal rights defense World;2;;;1;;;14;1;14;1;grey
415;International Federation of Journalists;2;1;;;21;;;1;21;1;grey
416;International Georgiy Union;2;;1;1;;;31;2;31;1;grey
417;International human rights defence committee;2;1;;;;;;1;0;1;grey
418;International society for protection of animals SOS;2;;1;;;31;;1;31;1;grey
419;Internet mobilization;2;;1;;;901;;1;901;3;grey
420;Internet party of Ukraine;1;2;2;5;31;49;294;9;374;2;grey
421;Interregional association of industrialists and entrepreneurs;2;;1;;;;;1;0;1;grey
422;Inturist-Zakarpattya;2;;1;;;;;1;0;1;grey
423;Iskra;2;;;10;;;398;10;398;2;grey
424;Iskrennost;2;1;;;399;;;1;399;2;grey
425;Ivano-Frankivsk entrepreneur committee;2;1;;;23;;;1;23;1;grey
426;Jewish community Turey Zaghav;2;1;;;0;;;1;0;1;grey
427;Jewish minority representative;2;;1;;;999;;1;999;3;grey
428;Jewish rebel army;2;;;1;;;99;1;99;1;grey
429;Jews against antisemitism;2;1;4;;;91;;5;91;1;grey
430;Joliot-Curie;2;1;;;0;;;1;0;1;grey
431;Jurcom (law-defenders);2;1;;;399;;;1;399;2;grey
432;Justice above all;2;;1;;;;;1;0;1;grey
433;Justice for Olaolu;2;;2;;;;;2;0;1;grey
434;Justice Party;1;3;1;;900;;;4;900;3;grey
435;juvenile justice;2;;1;;;19;;1;19;1;grey
436;Karpats'ka Sich patriotic movement;2;;2;3;;31;133;5;164;2;grey
437;Khabad;2;1;;;;;;1;0;1;grey
438;Kharkiv City Patriots;2;;1;;;49;;1;49;1;grey
439;Kharkiv Human Rights Group;2;8;5;;399;39;;13;438;2;grey
440;Kharkiv students trade union;3;;;1;;;4999;1;4999;4;grey
441;Khizb-ut-Tahrir;1;;1;2;;40;1900;3;1940;3;grey
442;Khmelnytsky region native land defence committee;2;1;;;99;;;1;99;1;grey
443;Kholodnoiarska initiative;2;1;;;;;;1;0;1;grey
444;Kiev organization Stus Memorial;2;1;;;79;;;1;79;1;grey
445;Kievlyane ob'edinyaemsya;2;1;;;399;;;1;399;2;grey
446;Kind Heart foundation;2;;;1;;;;1;0;1;grey
447;KMKZ (Ukrainian Hungarians party);1;;1;;;;;1;0;1;grey
448;Kolokol;2;3;2;5;69;100;278;10;447;2;grey
449;Komsomol;2;2;;5;418;;308;7;726;3;grey
450;Komsomolets Volyny;2;;1;;;1;;1;1;1;grey
451;Kovel against Israeli recycling plant;2;;;2;;;92;2;92;1;grey
452;Kripaky;2;;;1;;;5;1;5;1;grey
453;Kroha;2;;;1;;;101;1;101;2;grey
454;KUN;1;42;49;29;10748;19913;15276;120;45937;6;grey
455;KUPR;2;20;22;19;3140;1138;425;61;4703;4;grey
456;Kurd students in Ukraine;2;;;1;;;79;1;79;1;grey
457;Kurdi leftist youth;2;;;1;;;79;1;79;1;grey
458;Kurultai of Crimean Tatar people;2;;;1;;;101;1;101;2;grey
459;Kyiv animal defence society;2;;3;;;12;;3;12;1;grey
460;Kyiv Business Club;2;;1;;;201;;1;201;2;grey
461;Kyiv cultural tribunal;2;1;;;;;;1;0;1;grey
462;Kyiv Environment Protection Brigade;2;;1;;;;;1;0;1;grey
463;Kyiv Information Center Committee of international control of the situation of human rights in Belarus.;2;1;;;;;;1;0;1;grey
464;Kyiv trade unions council;3;;;1;;;6001;1;6001;5;grey
465;Kyiv Viche;2;;6;5;;58;649;11;707;3;grey
466;Kyivans against destruction of Kyiv;2;1;;;;;;1;0;1;grey
467;Kyivska Rus' (party);1;;1;3;;99;281;4;380;2;grey
468;Labor Front of Ukraine;2;;;1;;;25;1;25;1;grey
469;Labor Kharkivshchyna;2;8;6;9;1308;444;431;23;2183;4;grey
470;Labor movement Solidarity;3;2;;;;;;2;0;1;grey
471;Labor Protection;3;3;2;44;8040;19;2151;49;10210;5;grey
472;Laborers;3;;;2;;;65;2;65;1;grey
473;Land and Freedom;2;1;;1;301;;;2;301;2;grey
474;Last Barricade;2;;1;;;;;1;0;1;grey
475;law-enforcement and their trade union;3;;;1;;;499;1;499;2;grey
476;League of North;2;;;1;;;;1;0;1;grey
477;Left Opposition;2;;10;6;;879;326;16;1205;3;grey
478;Legacy;2;1;;;;;;1;0;1;grey
479;Legal Protection;2;;;1;;;99;1;99;1;grey
480;Legal space;2;;;2;;;49;2;49;1;grey
481;Legalife;2;;3;;;27;;3;27;1;grey
482;Lenin and Fatherland;2;;1;;;29;;1;29;1;grey
483;Lenin Komsomol of Ukraine;2;;;1;;;201;1;201;2;grey
484;Let Us Go;2;;3;;;;;3;0;1;grey
485;Let's preserve Odesa ourselves;2;1;;;;;;1;0;1;grey
486;Let's protect Rivne;2;;;5;;;91;5;91;1;grey
487;Lets protect Chernivtsi together;2;;;1;;;31;1;31;1;grey
488;Lets Save Polissya;2;;;1;;;29;1;29;1;grey
489;LGBT;2;;5;7;;55;131;12;186;2;grey
490;Libertarian Coordination;2;;;1;;;9;1;9;1;grey
491;Life;2;;3;2;;62;21;5;83;1;grey
492;Liga of consolidation of civil society;2;;;10;;;607;10;607;3;grey
493;Light of Hope;2;1;1;;0;151;;2;151;2;grey
494;Lions;2;;2;;;101;;2;101;2;grey
495;Love against homosexuality;2;1;1;2;0;201;52;4;253;2;grey
496;Lugansk archeological union;3;;;1;;;15;1;15;1;grey
497;Lugansk without fascists;2;;;2;;;20;2;20;1;grey
498;Lugantsi;2;4;3;9;0;500;920;16;1420;3;grey
499;Lustration;2;1;1;;399;101;;2;500;3;grey
500;Lutskyi Dim initiative group;2;;;1;;;101;1;101;2;grey
501;Lviv Forester;2;;1;;;31;;1;31;1;grey
502;Lviv miners trade union;3;;;1;;;699;1;699;3;grey
503;Lviv Regional Brotherhood of UPA veterans;2;;;1;;;299;1;299;2;grey
504;Lviv Skins;2;;;1;;;19;1;19;1;grey
505;Lviv students council;2;;;1;;;29;1;29;1;grey
506;Lviv Trade Union of Doctors;3;1;;;299;;;1;299;2;grey
507;Lviv ultras;2;;;1;;;51;1;51;1;grey
508;Lvivschyna Student Fellowship;2;;1;;;101;;1;101;2;grey
509;Mama-86;2;;8;7;;34;639;15;673;3;grey
510;Marxists Union Che Guevara;2;1;;;;;;1;0;1;grey
511;Media-centre Creative;2;;;1;;;5;1;5;1;grey
512;Memorial;2;;2;2;;330;178;4;508;3;grey
513;Memory NGO;2;;1;;;1999;;1;1999;3;grey
514;Memory of Chornobyl;2;;1;;;;;1;0;1;grey
515;Mercury charity foundation;2;;;1;;;99;1;99;1;grey
516;Mercury Plus;2;;1;;;19;;1;19;1;grey
517;Meridian;2;;2;;;63;;2;63;1;grey
518;Metro trade union;3;;;1;;;;1;0;1;grey
519;Midia;2;;;1;;;61;1;61;1;grey
520;Military Union of Ukraine;3;1;;;0;;;1;0;1;grey
521;Milli Firka;2;1;;;501;;;1;501;3;grey
522;MIR;2;;;1;;;199;1;199;2;grey
523;Moloda Sich;2;;1;;;;;1;0;1;grey
524;Molodizhna Varta (Youth Guards);2;;1;;;;;1;0;1;grey
525;Mother and child;2;;1;;;;;1;0;1;grey
526;Movement Do not be indifferent;2;1;;;;;;1;0;1;grey
527;Movement of Clean Hearts;2;3;3;;0;67;;6;67;1;grey
528;Movie-Translation;2;;1;;;101;;1;101;2;grey
529;municipal centre for social services for youth and families;2;;;1;;;101;1;101;2;grey
530;Muslim community Selyam;2;;1;;;;;1;0;1;grey
531;My Family;2;;1;;;;;1;0;1;grey
532;My Illichivtsi;2;;;1;;;;1;0;1;grey
533;Mykolaiv forestry;2;;1;;;399;;1;399;2;grey
534;Mykolaiv hunters federation;2;;1;;;399;;1;399;2;grey
535;Mykolaiv Youth Municipality;2;;;1;;;;1;0;1;grey
536;Mykolaivs'ka Varta;2;;1;;;9;;1;9;1;grey
537;Narodna Prosvita;2;;1;;;31;;1;31;1;grey
538;Narodna vlada;2;1;;;149;;;1;149;2;grey
539;Nastup;2;;3;13;;208;2758;16;2966;4;grey
540;National Alliance;2;4;4;9;9;631;311;17;951;3;grey
541;National Chioce;2;;;1;;;151;1;151;2;grey
542;National Ecologic Centre of Ukraine;2;1;2;;399;;;3;399;2;grey
543;National Forum of Trade Unions of Ukraine;3;1;;;;;;1;0;1;grey
544;National Movement of the Crimean Tartars;2;1;1;;501;249;;2;750;3;grey
545;National Selfdefense;2;2;;;400;;;2;400;2;grey
546;National trade union of miners of Ukraine;3;1;;;;;;1;0;1;grey
547;National Union of Journalists;3;1;;6;21;;416;7;437;2;grey
548;National-Bolshevik Party of Ukraine;1;2;;;15;;;2;15;1;grey
549;Nationalistic alliance;2;;;1;;;101;1;101;2;grey
550;Native Kirovohrad;2;;;3;;;161;3;161;2;grey
551;Nebo;2;2;1;;;49;;3;49;1;grey
552;Network of people living with HIV;2;;1;4;;11;171;5;182;2;grey
553;New Citizen;2;1;;;0;;;1;0;1;grey
554;New faces;2;;1;;;;;1;0;1;grey
555;New generation;2;;;1;;;9;1;9;1;grey
556;New Genofond;2;;;2;;;466;2;466;2;grey
557;New Kyiv;2;1;;;;;;1;0;1;grey
558;New Power;2;;;1;;;49;1;49;1;grey
559;New traditions;2;;;1;;;275;1;275;2;grey
560;New wave for a better future;2;;1;;;9;;1;9;1;grey
561;New world town;2;;1;;;39;;1;39;1;grey
562;NGO Obnova;2;1;;;71;;;1;71;1;grey
563;NGO of helping people with hepatitis C;2;1;;;0;;;1;0;1;grey
564;NGO The Good (Dobro) of small business;2;1;;;51;;;1;51;1;grey
565;Nika (entrepreneurs NGO);2;;1;;;99;;1;99;1;grey
566;No to Manipulations initiative group;2;;1;;;;;1;0;1;grey
567;Nobody But Us;2;16;7;2;7200;400;500;25;8100;5;grey
568;Northern Wolves;2;;;1;;;;1;0;1;grey
569;Novoe Nachalo (New Beginning);2;;;1;;;49;1;49;1;grey
570;Novyi Mir;2;;1;;;;;1;0;1;grey
571;NPU;2;;1;;;;;1;0;1;grey
572;NRU;1;39;52;32;8941;27148;3812;123;39901;6;grey
573;NUNS;1;2;;;2001;;;2;2001;4;grey
574;Nyva fans;2;1;;;;;;1;0;1;grey
575;Oberig - union of disabled;2;;;1;;;1249;1;1249;3;grey
576;Objective reality;2;1;;;0;;;1;0;1;grey
577;Obshchiy Dom (Commom House);2;;;1;;;49;1;49;1;grey
578;Occupy-Pedophily;2;;;5;;;14;5;14;1;grey
579;Odesa as it is;2;;;1;;;31;1;31;1;grey
580;Offensive;2;1;;;999;;;1;999;3;grey
581;Old School;2;;;2;;;276;2;276;2;grey
582;Open Circle;2;;;1;;;;1;0;1;grey
583;Open Society;2;;1;;;99;;1;99;1;grey
584;Oplot;2;;1;;;14;;1;14;1;grey
585;OPORA;2;6;4;1;420;468;9;11;897;3;grey
586;Order and Prosperity;2;1;;;19;;;1;19;1;grey
587;Order and Welfare;2;4;;;50;;;4;50;1;grey
588;Organization of Marxists;2;4;;;791;;;4;791;3;grey
589;Organization of political prisoners and repressed;2;1;;1;0;;25;2;25;1;grey
590;organization of religious monarchists;2;3;;;0;;;3;0;1;grey
591;Organization of veterans of law-enforcement;2;;;2;;;152;2;152;2;grey
592;Orthodox and cossacs Army of faithful;2;;1;;;49;;1;49;1;grey
593;Orthodox believers;2;;;3;;;730;3;730;3;grey
594;Orthodox Christians;2;;;1;;;501;1;501;3;grey
595;Orthodox clergy;2;;;1;;;;1;0;1;grey
596;Orthodox soberness fraternity;2;;;1;;;101;1;101;2;grey
597;Orthodox Women Union;2;;;1;;;201;1;201;2;grey
598;OUN;2;3;1;2;329;31;329;6;689;3;grey
599;OUN-UPA;2;;2;2;;1530;999;4;2529;4;grey
600;Our Kyiv;2;;;1;;;401;1;401;2;grey
601;Our Land;2;;;1;;;;1;0;1;grey
602;Our Protection (Nash Zahyst);2;1;;;59;;;1;59;1;grey
603;Our Right;2;3;;;98;;;3;98;1;grey
604;Our Ukraine;1;21;34;7;1435;29110;1282;62;31827;6;grey
605;Our Ukraine youth;2;;1;2;;6;62;3;68;1;grey
606;Ourselves;2;;2;;;101;;2;101;2;grey
607;Pan-Ukrainian Commitee of Ukrainian Language Protection;2;;1;;;399;;1;399;2;grey
608;Parent's Committee;2;;2;6;;40;906;8;946;3;grey
609;Parostok;2;;1;;;10;;1;10;1;grey
610;party Great Ukraine (Velyka Ukraina);1;1;;;301;;;1;301;2;grey
611;Party of Motherland Defenders;1;;2;1;;1030;125;3;1155;3;grey
612;Party of Pensioneers;1;2;;1;29;;4499;3;4528;4;grey
613;Party of Stalin;1;;9;21;;1742;1640;30;3382;4;grey
614;Patriot of Ukraine;2;17;8;8;908;140;984;33;2032;4;grey
615;Halytski sotni;2;1;;;0;;;1;0;1;grey
616;Patriotic organization of Georgi the Winner;2;;1;;;11;;1;11;1;grey
617;Peace (MIR);2;;;1;;;501;1;501;3;grey
618;Peasant Front;2;;;2;;;27322;2;27322;6;grey
619;People Front of Luhansk;2;;1;;;;;1;0;1;grey
620;People liberation movement;2;;;1;;;11;1;11;1;grey
621;People's assault;2;1;;;;;;1;0;1;grey
622;People's control trade union;3;1;1;2;0;49;180;4;229;2;grey
623;People's Front;2;3;;3;78;;137;6;215;2;grey
624;People's Order Party;1;2;3;;99;22;;5;121;2;grey
625;People's prosvita;2;;1;;;31;;1;31;1;grey
626;People's right;2;;;1;;;29;1;29;1;grey
627;People's self-defense (NS);1;17;8;1;1913;3297;149;26;5359;5;grey
628;People's Solidarity;2;4;;;0;;;4;0;1;grey
629;People's Voice;2;2;2;3;101;399;217;7;717;3;grey
630;People's will;2;;;3;;;197;3;197;2;grey
631;Peoples Ecological Party;1;1;;;;;;1;0;1;grey
632;Peoples Party of Ukraine;1;1;;;;;;1;0;1;grey
633;Phoenix;2;1;;;;;;1;0;1;grey
634;Plast;2;;2;4;;6998;1584;6;8582;5;grey
635;Platform of free people;2;;;1;;;15;1;15;1;grey
636;Podilska Hromada;2;;;1;;;31;1;31;1;grey
637;Poklyk Natsii (Call of the Nation);2;;1;;;1;;1;1;1;grey
638;Poles;2;;1;;;50;;1;50;1;grey
639;police trade union;3;;;1;;;11;1;11;1;grey
640;Polish Ukrainian community;2;;1;;;11;;1;11;1;grey
641;Pomogi drugu (Help A Friend);2;;1;;;;;1;0;1;grey
642;Popular Initiative;2;;1;;;;;1;0;1;grey
643;Popular self-defense;2;1;;;0;;;1;0;1;grey
644;Pora;2;1;;;9;;;1;9;1;grey
645;Poshuk;2;;;1;;;101;1;101;2;grey
646;Power of Law;2;;;1;;;30;1;30;1;grey
647;Power to the people;2;1;;;299;;;1;299;2;grey
648;Pozytsia (Position);2;;;1;;;21;1;21;1;grey
649;PR;1;14;95;57;130;88426;242577;166;331133;6;grey
650;Pravoe Delo;2;;;1;;;101;1;101;2;grey
651;Pravovyi Prostir (Legal Space);2;;;1;;;10;1;10;1;grey
652;Pridnipro-Donetsk Workers Union;3;;1;;;31;;1;31;1;grey
653;Progressive citizens of Sevastopol;2;;;1;;;1;1;1;1;grey
654;Projects of Darvin;2;;;1;;;41;1;41;1;grey
655;Prorvemsia;2;21;1;;1663;;;22;1663;3;grey
656;Proryv;2;;1;;;99;;1;99;1;grey
657;Prostir;2;;1;;;;;1;0;1;grey
658;Prosvita;2;8;25;11;1971;2581;858;44;5410;5;grey
659;Protect Chernivtsi;2;1;;;0;;;1;0;1;grey
660;Protect Yourself and Ukraine;2;;1;;;;;1;0;1;grey
661;Protection;2;;1;;;31;;1;31;1;grey
662;Protection of Homeless Animals;2;;3;;;247;;3;247;2;grey
663;Protection of the Justice;2;2;;;7;;;2;7;1;grey
664;Protection Whales;2;;;1;;;15;1;15;1;grey
665;Protestants;2;;1;;;49;;1;49;1;grey
666;Proty Techii;2;;1;3;;49;99;4;148;2;grey
667;PRP (Reforms and Order);1;15;11;4;5760;16249;1396;30;23405;6;grey
668;PSPU;1;17;22;32;5243;4347;4853;71;14443;5;grey
669;Public Alternative;2;1;;;39;;;1;39;1;grey
670;Public control;2;2;;;31;;;2;31;1;grey
671;Public road control;2;1;;;0;;;1;0;1;grey
672;Public Service of Ukraine;2;1;;;79;;;1;79;1;grey
673;Pure Hearts Movement;2;;1;;;31;;1;31;1;grey
674;Quality of Life;2;;3;;;78;;3;78;1;grey
675;Quirites Alliance;2;1;;;49;;;1;49;1;grey
676;Rabochee Deystvie (Worker Action);2;1;;;0;;;1;0;1;grey
677;Racing Team Ternopil;2;;;2;;;276;2;276;2;grey
678;Radical Party;1;13;4;9;3001;119;5904;26;9024;5;grey
679;Rally on Desyatynka;2;;;1;;;10;1;10;1;grey
680;Red Cross;2;;1;;;;;1;0;1;grey
681;Regional antifascist committee;2;;;1;;;2501;1;2501;4;grey
682;Regional council of trade unions;3;1;;;;;;1;0;1;grey
683;Renewal of life;2;;1;;;11;;1;11;1;grey
684;Renewal of the Country;2;7;7;;35;2311;;14;2346;4;grey
685;Reporters without Borders;2;1;;;21;;;1;21;1;grey
686;Resonance;2;1;1;;49;19;;2;68;1;grey
687;Restoration;2;;;1;;;101;1;101;2;grey
688;Ridna Vitchyzna;2;;1;;;249;;1;249;2;grey
689;Right action (pravoe delo);2;;;1;;;49;1;49;1;grey
690;Right for Life;2;;;1;;;29;1;29;1;grey
691;Right to the city;2;;2;;;149;;2;149;2;grey
692;Rightist football fans;2;1;1;;249;999;;2;1248;3;grey
693;Rivne Orthodox Youth Saint-Sofia Brotherhood;2;;;1;;;;1;0;1;grey
694;RKAS;2;2;3;5;41;249;239;10;529;3;grey
695;Road Control;2;1;9;13;;648;685;23;1333;3;grey
696;Roadside Picnic;2;1;;;;;;1;0;1;grey
697;Rodina party;1;1;2;15;;3001;14240;18;17241;6;grey
698;RTT Ternopil;2;;;3;;;276;3;276;2;grey
699;Rukh za Zhyttya (Movement for Life);2;;1;;;;;1;0;1;grey
700;Ruskyi Club;2;;;1;;;10;1;10;1;grey
701;Russian Bloc;1;9;9;11;199;41157;7299;29;48655;6;grey
702;Russian community;2;;1;;;31;;1;31;1;grey
703;Russian Community of Crimea;2;2;2;7;51;;877;11;928;3;grey
704;Russian community Sobol;2;;;1;;;;1;0;1;grey
705;Russian culture center;2;1;;;;;;1;0;1;grey
706;Russian nationalists;2;;1;3;;199;2748;4;2947;4;grey
707;Russian Society of Crimea;2;2;;;99;;;2;99;1;grey
708;Russian Unity party;1;7;3;5;231;218;17169;15;17618;6;grey
709;Russian-Ukrainian youth chamber;2;;;1;;;31;1;31;1;grey
710;Russians in Ukraine;2;2;;;0;;;2;0;1;grey
711;Russkoye Veche;2;2;3;1;2198;238;79;6;2515;4;grey
712;Rusych;2;;;3;;;633;3;633;3;grey
713;Rusyns;2;;1;;;10;;1;10;1;grey
714;S14 (Sich);2;;;7;;;21536;7;21536;6;grey
715;Sailors;2;;;1;;;1;1;1;1;grey
716;SAU (Union of Anarchists of Ukraine);1;3;3;7;399;67;376;13;842;3;grey
717;Save Carpathians from Small Hydroelectric Power Stations;2;;1;;;;;1;0;1;grey
718;Save Cheremosh;2;;1;;;201;;1;201;2;grey
719;Save forest-park;2;;;1;;;99;1;99;1;grey
720;Save Life;2;;;1;;;19;1;19;1;grey
721;Save Olaolu;2;;2;;;19;;2;19;1;grey
722;Save old chernihiv;2;;;1;;;;1;0;1;grey
723;Save Old Kyiv;2;9;26;8;600;2286;1009;43;3895;4;grey
724;Saving Nature;2;1;;;;;;1;0;1;grey
725;School of Leaders;2;;;2;;;62;2;62;1;grey
726;Sebat;2;1;1;;501;;;2;501;3;grey
727;Self-governed community;2;;;1;;;;1;0;1;grey
728;Self-governmental Alternative Network;2;;1;;;49;;1;49;1;grey
729;Self-Help;2;;;2;;;1028;2;1028;3;grey
730;Serhiy Zhadan and his 'literature group' STAN.;2;1;;;0;;;1;0;1;grey
731;Serp i Molot;3;;1;6;;199;173;7;372;2;grey
732;Settlement dwellers;2;1;;;0;;;1;0;1;grey
733;Sevastopol city trade unions committee;3;1;;;;;;1;0;1;grey
734;Sevastopol cossacs union Rus;2;;;2;;;1810;2;1810;3;grey
735;Sevastopol workers union;3;;1;;;;;1;0;1;grey
736;Sevastopol-Crimea-Russia;2;;1;3;;19;21;4;40;1;grey
737;Shakhter ultras;2;1;;;;;;1;0;1;grey
738;Shart religious community;2;;1;;;;;1;0;1;grey
739;Shield 520;2;6;;;733;;;6;733;3;grey
740;Shield veterans union ;2;;1;;;;;1;0;1;grey
741;Sholem Aleichem Society;2;;1;;;19;;1;19;1;grey
742;Sichovii Kurin;2;;;1;;;31;1;31;1;grey
743;Single Centre;2;;1;;;15;;1;15;1;grey
744;Slavic Belief;2;;1;;;;;1;0;1;grey
745;Slavic Guard;2;;2;2;;;32;4;32;1;grey
746;Slavic Unity;2;1;1;3;199;49;209;5;457;2;grey
747;Slavik neopagans (ridnoviry);2;1;;;0;;;1;0;1;grey
748;Slavis;2;;;2;;;160;2;160;2;grey
749;Slobozhanschyna;2;2;;;62;;;2;62;1;grey
750;Small business and MAF Association;2;;1;;;3001;;1;3001;4;grey
751;Small business trade union federation;3;;1;;;199;;1;199;2;grey
752;small business union Nika;3;1;;;501;;;1;501;3;grey
753;Smotra Ternopil;2;;;3;;;276;3;276;2;grey
754;SNA (Social National Assembly);2;3;4;15;348;15;1270;22;1633;3;grey
755;Sober Galychyna;2;;;2;;;50;2;50;1;grey
756;Sober Kyiv;2;;2;1;;1;21;3;22;1;grey
757;Sober Sevastopol (Trezvyi Sevastopol);2;1;;;;;;1;0;1;grey
758;Sober Ukraine;2;;1;6;;;161;7;161;2;grey
759;Sober Youth;2;;;1;;;99;1;99;1;grey
760;Sober Zhytomyr;2;;1;2;;;70;3;70;1;grey
761;Sobol Cossack Community;2;5;2;2;;29;80;9;109;2;grey
762;Sobor of orthodox women;2;;1;;;99;;1;99;1;grey
763;Sobor party;1;3;8;2;2001;248;31;13;2280;4;grey
764;Social movement of Ukraine;2;1;;;301;;;1;301;2;grey
765;Social Resistance;2;1;;2;;;40;3;40;1;grey
766;Society for Disabled Diabetic;2;1;;;0;;;1;0;1;grey
767;SOK;2;;;1;;;21;1;21;1;grey
768;Sokil;2;4;37;26;99;6366;25844;67;32309;6;grey
769;Sokolova Balka community;2;1;;;;;;1;0;1;grey
770;Solidarnist;3;1;;2;0;;220;3;220;2;grey
771;SOS;2;;1;1;;;15;2;15;1;grey
772;Sources of Rights;2;;1;;;5;;1;5;1;grey
773;South Region;2;;;1;;;;1;0;1;grey
774;Soviet Centre;2;1;1;;301;69;;2;370;2;grey
775;Soviet Officers union of Ukraine;2;7;10;10;2801;2689;2186;27;7676;5;grey
776;Sovist;2;1;;2;399;;99;3;498;2;grey
777;Soyuz;2;;2;1;;110;16001;3;16111;6;grey
778;Soyuz Gromadyan Ukrainy (Union of Ukrainian Citizens);2;;;2;;;23;2;23;1;grey
779;SPAS;2;;2;5;;3020;80;7;3100;4;grey
780;Spillover;2;;4;;;337;;4;337;2;grey
781;Spilnymu zusylliamy (Common Efforts);2;;;1;;;101;1;101;2;grey
782;Spiritual Centre of Crimean Muslims;2;1;;;;;;1;0;1;grey
783;Spravedlivyst;2;1;;;99;;;1;99;1;grey
784;SPU;1;14;5;4;9972;1731;610;23;12313;5;grey
785;St. Lucas Brotherhood;2;3;5;;68;6;;8;74;1;grey
786;Stalkanat-Silur;2;;1;;;31;;1;31;1;grey
787;STAN;2;;;2;;;29;2;29;1;grey
788;State is Us;2;;;1;;;301;1;301;2;grey
789;State Renewal;2;;1;;;29;;1;29;1;grey
790;Step;2;;1;;;;;1;0;1;grey
791;Step forward;2;;2;;;49;;2;49;1;grey
792;Stop Cancer foundation;2;;;1;;;31;1;31;1;grey
793;Stop Censorship;2;1;2;6;21;140;165;9;326;2;grey
794;Stop deceiving us - deceived investors;2;1;3;;;119;;4;119;2;grey
795;Stop Fracking;2;;;1;;;75;1;75;1;grey
796;Stop Hepatit;2;1;;;0;;;1;0;1;grey
797;Stop homosexualism;2;;2;;;168;;2;168;2;grey
798;Stop-Ham;2;;8;7;;24;36;15;60;1;grey
799;Street University;2;;1;;;5;;1;5;1;grey
800;StreetWorkout;2;;;2;;;222;2;222;2;grey
801;Strike;2;2;;;2302;;;2;2302;4;grey
802;Strong Ukraine;2;2;;;0;;;2;0;1;grey
803;Struggler;2;;2;;;101;;2;101;2;grey
804;Student Action;2;2;2;2;149;19;150;6;318;2;grey
805;Student Brotherhood;2;2;2;1;0;38;41;5;79;1;grey
806;Student Brotherhood Delta Xi;2;2;;;149;;;2;149;2;grey
807;Student Defence;2;;1;;;101;;1;101;2;grey
808;Student liberty;2;1;;;99;;;1;99;1;grey
809;Student Svoboda;2;7;9;11;60;5296;3115;27;8471;5;grey
810;Student Union;2;1;;;;;;1;0;1;grey
811;Students Initiative;2;1;;;;;;1;0;1;grey
812;Students Republic;2;1;;1;;;;2;0;1;grey
813;Students Union of Ivano-Frankivsk;3;;;2;;;1532;2;1532;3;grey
814;Students' Freedom (Studentska Svoboda);2;1;;;0;;;1;0;1;grey
815;Studentskyy patrul krayiny;2;1;;;17;;;1;17;1;grey
816;Successor of Victory;2;1;;;69;;;1;69;1;grey
817;SUM;2;;12;1;;339;31;13;370;2;grey
818;Sumy union for investors protection;2;1;;;30;;;1;30;1;grey
819;Sunrise;2;;2;;;78;;2;78;1;grey
820;Surrealistic alliance;2;;1;;;;;1;0;1;grey
821;Svet miru (Light to the WOrld);2;;;1;;;49;1;49;1;grey
822;Svidomo;2;;;5;;;736;5;736;3;grey
823;Svoboda;1;251;502;569;26076;97398;282438;1322;405912;6;grey
824;Syrian community of Kharkiv;2;;2;;;80;;2;80;1;grey
825;Syrian diaspora;2;;1;1;;31;49;2;80;1;grey
826;Tabletochka;2;;;1;;;21;1;21;1;grey
827;Tavric Cossack military union;2;1;;;199;;;1;199;2;grey
828;Tavric Union;2;1;;;199;;;1;199;2;grey
829;Teacher's House in Chernivtsi;2;1;;;29;;;1;29;1;grey
830;teachers' trade unions of the region;3;1;;;0;;;1;0;1;grey
831;Ternopil Regional Council of Trade Unions;3;1;;;301;;;1;301;2;grey
832;Terytoriya Zhyttia (Life Territory);2;;;1;;;101;1;101;2;grey
833;TES;2;;1;;;9;;1;9;1;grey
834;The Council of Cherkassy region opposition;2;1;;;;;;1;0;1;grey
835;The Man on Earth;2;1;;;299;;;1;299;2;grey
836;The Public Committee for National Salvation;2;1;;;199;;;1;199;2;grey
837;the Ukrainian Association of Student Government;2;1;1;;;;;2;0;1;grey
838;The Union of the Cheated Depositors;2;1;;;;;;1;0;1;grey
839;Theothox catholic community;2;1;;;3;;;1;3;1;grey
840;Third Position;2;1;;3;0;;80;4;80;1;grey
841;Third Power party;1;;;1;;;;1;0;1;grey
842;Thunder (GROM) NGO;2;1;;1;;;99;2;99;1;grey
843;Time of Changes;2;;2;1;;18;11;3;29;1;grey
844;Tochka oporu;2;1;;;;;;1;0;1;grey
845;Together (Belorus-Russia);2;;;1;;;39;1;39;1;grey
846;trade union Capital-Regions;3;1;;;0;;;1;0;1;grey
847;trade union committee of the 'Nikonor-Novaia' mine;3;;;1;;;;1;0;1;grey
848;Trade union of coal mining workers (PRUP);3;;;2;;;201;2;201;2;grey
849;trade union of communal workers;3;;1;;;1001;;1;1001;3;grey
850;Trade Union of Education and Science Workers of Ukraine;3;3;;;7999;;;3;7999;5;grey
851;Trade union of enterpreneurs;3;2;1;;970;99;;3;1069;3;grey
852;trade union of Free entrepreneurship;3;1;;;0;;;1;0;1;grey
853;trade union of Khmelnytskyi entrepreneurs;3;;;1;;;71;1;71;1;grey
854;Trade union of Lysychansk oil refinery;3;;1;;;29;;1;29;1;grey
855;trade union of Metallurgical and Mining industry workers;3;1;;;0;;;1;0;1;grey
856;Trade Union of Mineworkers in Ukraine;3;;1;;;35;;1;35;1;grey
857;Trade union of National Academy of Science workers;3;1;3;;;1199;;4;1199;3;grey
858;Trade union of Shevchenko plant workers;3;;2;;;800;;2;800;3;grey
859;Trade union of small business rights defense;3;1;;;0;;;1;0;1;grey
860;trade union of taxi drivers;3;2;;;299;;;2;299;2;grey
861;trade union of Zakhidinkombank;3;;;1;;;19;1;19;1;grey
862;trade union Protection of entrepreneurs;3;2;;;1000;;;2;1000;3;grey
863;trade unions of Lviv Coal Company;3;;;1;;;31;1;31;1;grey
864;trade unions of Novovolynsk and Chervonograd mines;3;;;1;;;501;1;501;3;grey
865;Transparency International;2;;;2;;;62;2;62;1;grey
866;Trident;2;5;1;;201;;;6;201;2;grey
867;True Friend;2;;1;;;99;;1;99;1;grey
868;Tryzub;2;14;3;13;1227;2009;416;30;3652;4;grey
869;tsar and Motherland;2;;;1;;;31;1;31;1;grey
870;Turkish community of Kyiv;2;;;2;;;82;2;82;1;grey
871;UAPC;2;1;2;;;21;;3;21;1;grey
872;Ucrainian Political Organization;2;;;1;;;29;1;29;1;grey
873;UDAR;1;16;113;186;3229;29597;187687;315;220513;6;grey
874;UGCC;2;2;9;3;801;61;1018;14;1880;3;grey
875;UGKZ;2;;;1;;;301;1;301;2;grey
876;UGS (Ukrainian Helsinki union);2;;1;;;;;1;0;1;grey
877;Ukraine Defence Commitee;2;1;;;;;;1;0;1;grey
878;Ukraine for life;2;;1;2;;149;265;3;414;2;grey
879;Ukraine Forward;2;;2;;;49;;2;49;1;grey
880;Ukraine of the Future;2;6;;;388;;;6;388;2;grey
881;Ukraine of the Future;2;1;;;;;;1;0;1;grey
882;Ukrainian Affair;2;;1;;;;;1;0;1;grey
883;Ukrainian business (Ukrainska sprava);2;4;3;8;199;31;831;15;1061;3;grey
884;Ukrainian Choice;2;;;29;;;15565;29;15565;6;grey
885;Ukrainian Christian Evangelic Church;2;1;;;801;;;1;801;3;grey
886;Ukrainian citizens' rights defenders association;2;;1;;;39;;1;39;1;grey
887;Ukrainian club;2;;1;;;;;1;0;1;grey
888;Ukrainian Club;2;1;;;29;;;1;29;1;grey
889;Ukrainian Community of Crimea;2;1;;;;;;1;0;1;grey
890;Ukrainian Conservative Party;1;;1;;;;;1;0;1;grey
891;Ukrainian diabetic union;2;;2;;;101;;2;101;2;grey
892;Ukrainian Fathers movement;2;;1;;;;;1;0;1;grey
893;Ukrainian Helsinki Group on Human Rights;2;2;2;;;20;;4;20;1;grey
894;Ukrainian HIV-positives Alliance;2;1;;;;;;1;0;1;grey
895;Ukrainian House;2;;10;;;267;;10;267;2;grey
896;Ukrainian language defenders;2;;1;;;39;;1;39;1;grey
897;Ukrainian National Union;2;;;3;;;34;3;34;1;grey
898;Ukrainian nationalists;2;;1;1;;31;19;2;50;1;grey
899;Ukrainian Neorepublican Union;2;1;;;0;;;1;0;1;grey
900;Ukrainian Party;1;4;3;;301;2499;;7;2800;4;grey
901;Ukrainian patriot alternative;2;;;1;;;29;1;29;1;grey
902;Ukrainian People Youth;2;1;;;;;;1;0;1;grey
903;Ukrainian Peoples Party (UNP);1;13;3;2;539;648;52;18;1239;3;grey
904;Ukrainian Platform;2;1;1;;2001;101;;2;2102;4;grey
905;Ukrainian Popular Youth;2;;1;;;;;1;0;1;grey
906;Ukrainian Registry Cossacks;2;2;;;0;;;2;0;1;grey
907;Ukrainian Republican Party;1;3;2;4;79;4004;354;9;4437;4;grey
908;Ukrainian Social Democratic party;1;;1;;;10001;;1;10001;5;grey
909;Ukrainian society of disabled (UTOS);2;;;1;;;29;1;29;1;grey
910;Ukrainian strike commitee;2;;1;;;;;1;0;1;grey
911;Ukrainian union of businessmen and industrialists;3;;;1;;;199;1;199;2;grey
912;Ukrainian Union of Hunters and Fishers;2;;2;5;;60;628;7;688;3;grey
913;Ukrainian Union of Veterans;2;4;1;3;999;;499;8;1498;3;grey
914;Ukrainian Union of Workers;3;3;2;1;999;128;149;6;1276;3;grey
915;Ukrainian Vector;2;3;;1;0;;199;4;199;2;grey
916;Ukrainian youth offensive;2;;;1;;;79;1;79;1;grey
917;Ukrainistics Center;2;;1;;;199;;1;199;2;grey
918;UMDPL Association;2;;1;;;;;1;0;1;grey
919;UNA;1;1;;;;;;1;0;1;grey
920;UNA-UNSO;1;15;13;11;8680;3448;985;39;13113;5;grey
921;Understanding Human Rights;2;3;;;5;;;3;5;1;grey
922;Union 'Georgia';2;1;;;21;;;1;21;1;grey
923;Union Civil Defence;2;;1;;;999;;1;999;3;grey
924;Union for Animal Protection;2;2;4;5;;252;363;11;615;3;grey
925;Union for Donbas Rescue;2;;5;3;;482;262;8;744;3;grey
926;Union for Ukrainian Nation Renaissance;2;;;1;;;31;1;31;1;grey
927;Union movement '17 March';2;;;1;;;199;1;199;2;grey
928;Union of beguiled depositors and lenders;2;1;;;0;;;1;0;1;grey
929;Union of Bogdan Khmelnitsky;2;;8;7;;59;675;15;734;3;grey
930;Union of Bolekhiv Ukrainian Women;2;;1;;;;;1;0;1;grey
931;Union of christian mothers;2;;;1;;;29;1;29;1;grey
932;Union of Christian Rebirth;2;;1;;;;;1;0;1;grey
933;Union of deceived investors;3;9;1;2;178;101;202;12;481;2;grey
934;Union of disabled Chornobyl;2;;;2;;;254;2;254;2;grey
935;Union of disabled miners;3;;2;6;;60;209;8;269;2;grey
936;Union of entrepreneurs;3;3;;2;999;;16;5;1015;3;grey
937;Union of Kharkiv businessmen;3;1;;;0;;;1;0;1;grey
938;Union of Kharkiv oblast' land managers;2;1;;;20;;;1;20;1;grey
939;Union of labor women;2;;1;2;;1999;120;3;2119;4;grey
940;Union of left powers;2;1;;;;;;1;0;1;grey
941;Union of Lviv region trade unions;3;;;1;;;199;1;199;2;grey
942;Union of military pensioners;2;;;1;;;15;1;15;1;grey
943;Union of miners of Donbass;3;;;2;;;130;2;130;2;grey
944;Union of Mykolaiv Patriots;2;;1;;;;;1;0;1;grey
945;Union of NGOs We are the State;2;1;;;0;;;1;0;1;grey
946;Union of organizations of disabled;2;;2;;;999;;2;999;3;grey
947;Union of Orthodox citizens of Crimea;2;;;2;;;99;2;99;1;grey
948;Union of Political Prisoners;2;;;2;;;458;2;458;2;grey
949;Union of Russian People;2;;1;1;;49;31;2;80;1;grey
950;Union of Servicemen of Ukraine;3;1;;;99;;;1;99;1;grey
951;Union of Sevastopol Workers;3;1;;1;1119;;49;2;1168;3;grey
952;Union of Slavs;2;;;3;;;71;3;71;1;grey
953;Union of social justice and development;2;1;;;0;;;1;0;1;grey
954;Union of Students of Mykolaiv;2;;;1;;;;1;0;1;grey
955;Union of Ukrainian Christian Mothers;2;;1;;;;;1;0;1;grey
956;Union of Ukrainian citizens;2;;2;7;;9;118;9;127;2;grey
957;Union of Ukrainian Officers;2;4;3;2;150;1300;374;9;1824;3;grey
958;Union of Ukrainian women;2;;1;1;;31;151;2;182;2;grey
959;Union of veterans of intel of Ukraine;3;;1;;;;;1;0;1;grey
960;Union of work invalids and work veterans;3;;1;;;;;1;0;1;grey
961;Union of workers;3;1;;;301;;;1;301;2;grey
962;union protection work;3;1;;;;;;1;0;1;grey
963;Union Together;2;;;1;;;19;1;19;1;grey
964;United Rus;1;;;2;;;548;2;548;3;grey
965;Unity;2;;1;5;;;3304;6;3304;4;grey
966;Unity of the Slavs;2;5;;;399;;;5;399;2;grey
967;Unity trade union;3;;2;;;199;;2;199;2;grey
968;UNKP;1;;1;;;201;;1;201;2;grey
969;UNP;1;35;43;9;1908;5981;1765;87;9654;5;grey
970;UNSO;1;3;6;5;149;349;777;14;1275;3;grey
971;UP;1;;1;;;;;1;0;1;grey
972;UPA;2;;5;3;;9496;377;8;9873;5;grey
973;UPC (KP);2;5;9;5;900;1101;1516;19;3517;4;grey
974;UPC (MP);2;3;8;3;0;6079;1300;14;7379;5;grey
975;UPGKZ church (Dognals);2;;;4;;;140;4;140;2;grey
976;UPO;1;;;1;;;39;1;39;1;grey
977;URP;1;;6;1;;9262;19;7;9281;5;grey
978;USDP;1;2;2;;175;101;;4;276;2;grey
979;UTOS;2;;;1;;;;1;0;1;grey
980;Veritas NGO;2;;1;;;;;1;0;1;grey
981;Veteran organization of the region;2;1;;1;199;;499;2;698;3;grey
982;Veterans Alliance of Ukraine;2;;1;;;;;1;0;1;grey
983;veterans and pensioners of police;3;;;2;;;349;2;349;2;grey
984;Veterans Organization of Zaporizhzhia;2;;;1;;;;1;0;1;grey
985;Veterans' and children of the war organization;2;1;;;31;;;1;31;1;grey
986;Vidsich;2;23;35;19;2177;774;638;77;3589;4;red
987;Village Front;2;;2;;;298;;2;298;2;grey
988;Vinnytsia Orthodox Centre Svjatoj Georgij (St.George);2;;1;;;3;;1;3;1;grey
989;Virne Kozatstvo (Devoted Cossackhood);2;;1;;;;;1;0;1;grey
990;Voice;2;;;1;;;11;1;11;1;grey
991;Volnytsia movement;2;;1;;;;;1;0;1;grey
992;Volunteering Movement Space of Freedom;2;3;1;1;399;101;21;5;521;3;grey
993;Volya (Freedom);1;3;6;8;49;173;187;17;409;2;grey
994;Volyn civic rights protection group;2;1;;2;0;;42;3;42;1;grey
995;Volyn Youth Rights Association;2;;;1;;;35;1;35;1;grey
996;Vradiivka movement;2;;;1;;;39;1;39;1;grey
997;VRAKI initiative group;2;;1;;;;;1;0;1;grey
998;VZT im. O.Teligy;2;;1;;;;;1;0;1;grey
999;Walrus USSR;2;;;1;;;199;1;199;2;grey
1000;War Children;2;;1;;;59;;1;59;1;grey
1001;Way Towards Life;2;2;;;;;;2;0;1;grey
1002;We - citizens of Kyiv;2;;1;;;1999;;1;1999;3;grey
1003;We are Europeans;2;;1;1;;;19;2;19;1;grey
1004;We are from Kharkiv;2;5;;;964;;;5;964;3;grey
1005;What Zaporizhzhya breathes?;2;;1;;;49;;1;49;1;grey
1006;White hammer;2;;;3;;;38;3;38;1;grey
1007;Willpower;2;;1;;;71;;1;71;1;grey
1008;With common efforts let's protect Chernivtsi;2;1;;;299;;;1;299;2;grey
1009;Without barriers;2;1;;;0;;;1;0;1;grey
1010;Women for Future;2;1;;;301;;;1;301;2;grey
1011;Women of Homeland;2;1;;;201;;;1;201;2;grey
1012;women rights centre 'La Strada Ukraine';2;;1;;;75;;1;75;1;grey
1013;Women Sich;2;1;;;402;;;1;402;2;grey
1014;Workers Union;2;1;;;;;;1;0;1;grey
1015;Working Action;2;;1;;;;;1;0;1;grey
1016;Working Movement Solidarity;2;1;;;799;;;1;799;3;grey
1017;WW2 veterans;2;;;1;;;999;1;999;3;grey
1018;WWF;2;;;1;;;31;1;31;1;grey
1019;Yashlar Shurasy;2;;1;;;;;1;0;1;grey
1020;Young;2;1;;;299;;;1;299;2;grey
1021;Young BYT;2;3;9;5;0;301;125;17;426;2;grey
1022;Young Democratic Alliance;2;;1;;;49;;1;49;1;grey
1023;Young Diplomacy;2;;1;;;;;1;0;1;grey
1024;Young Donbass;2;;;1;;;149;1;149;2;grey
1025;Young European;2;;1;;;19;;1;19;1;grey
1026;Young FoC;2;8;;1;0;;19;9;19;1;grey
1027;Young Galychyna;2;;;1;;;19;1;19;1;grey
1028;Young initiative;2;;;5;;;3447;5;3447;4;grey
1029;Young Khmelnychyna Rukh;2;1;;;;;;1;0;1;grey
1030;Young NRU;2;1;7;3;;129;332;11;461;2;grey
1031;Young people;2;;1;;;;;1;0;1;grey
1032;Young People's Movement (Rukh);2;10;5;3;346;212;34;18;592;3;grey
1033;Young Platform;2;;1;;;29;;1;29;1;grey
1034;Young Prosvita;2;4;12;3;247;339;181;19;767;3;grey
1035;Young Reformers Association;2;;1;2;;29;76;3;105;2;grey
1036;Young Regions;2;;5;19;;1270;49651;24;50921;6;grey
1037;Youth;2;;3;;;17;;3;17;1;grey
1038;Youth - hope of Ukraine;2;;;2;;;61;2;61;1;grey
1039;Youth act;2;;;2;;;25;2;25;1;grey
1040;Youth Alliance;2;;;1;;;29;1;29;1;grey
1041;Youth Alternative (M'ART);2;;2;1;;;31;3;31;1;grey
1042;Youth antidrug spetsnaz;2;;;1;;;;1;0;1;grey
1043;Youth Community Power;2;;;1;;;265;1;265;2;grey
1044;Youth detachment of KUN;2;1;;;0;;;1;0;1;grey
1045;Youth for Changes;2;;3;2;;101;62;5;163;2;grey
1046;Youth for development of Lviv Region;2;;;2;;;11;2;11;1;grey
1047;Youth for European Integration;2;;;1;;;401;1;401;2;grey
1048;Youth for Healthy Life;2;;4;;;33;;4;33;1;grey
1049;Youth for Reforms;2;;1;;;40;;1;40;1;grey
1050;Youth for Russian Unity;2;1;;;;;;1;0;1;grey
1051;Youth guard;2;1;;;;;;1;0;1;grey
1052;Youth Is Hope For Ukraine;2;;1;;;15;;1;15;1;grey
1053;Youth Movement of Kiev;2;;5;1;;40;21;6;61;1;grey
1054;youth movement Sprotiv;2;1;;;301;;;1;301;2;grey
1055;Youth nationalist congress (MNK);2;9;15;7;367;4107;371;31;4845;4;red
1056;Youth of Simferopol;2;;1;;;;;1;0;1;grey
1057;Youth of the creative initiative;2;1;;;;;;1;0;1;grey
1058;Youth of Ukraine;2;;;1;;;501;1;501;3;grey
1059;Youth resistance;2;1;;1;0;;999;2;999;3;grey
1060;Youth rights protection group Kharkiv;2;;1;;;;;1;0;1;grey
1061;Youth Svoboda;2;1;1;2;15;29;30;4;74;1;grey
1062;Youth UDAR;2;;2;;;101;;2;101;2;grey
1063;Youth Union of Ukraine-Rus;2;1;;;51;;;1;51;1;grey
1064;Youth Unity;2;;2;18;;320;1157;20;1477;3;grey
1065;Youth-acts;2;;;1;;;;1;0;1;grey
1066;Youth.Community.GOvernment;2;;;1;;;201;1;201;2;grey
1067;Za Bat'kivschynu;2;;1;;;10;;1;10;1;grey
1068;Zahyst;2;;1;;;11;;1;11;1;grey
1069;Zakon odyn dlya vsih;2;;;1;;;;1;0;1;grey
1070;Zaporizhzhia against lawlessness;2;;;2;;;400;2;400;2;grey
1071;Zaporizhzhia Regional Rights-defending antiraiders comittee;2;;;2;;;655;2;655;3;grey
1072;Zarevo;2;1;;;17;;;1;17;1;grey
1073;Zarvanyts'ka Initiative;2;;1;1;;;19;2;19;1;grey
1074;Zdorovyi sport ukrainskyh vulyts (Healthy Sport on Ukrainian Streets);2;;;1;;;199;1;199;2;grey
1075;Zemlyany;2;;;2;;;58;2;58;1;grey
1076;Zhinky Zhytomyrshchyny (Women of Zhytomyr);2;;;1;;;;1;0;1;grey
1077;Zhmenia;2;;;1;;;6999;1;6999;5;grey
1078;Zhytomyr state university of Ivan Franko student trade union;3;;;1;;;31;1;31;1;grey
1079;Zhyve Kaminnya;2;;;1;;;265;1;265;2;grey
1080;ZIK;2;1;;;;;;1;0;1;grey
1081;Zlagoda;2;;1;;;10;;1;10;1;grey
1082;Zlyi Narod (Evil People);2;;;1;;;31;1;31;1;grey
1083;Zooshield;2;;;1;;;9;1;9;1;grey
1084;ZOV;2;;1;1;;19;4;2;23;1;grey
1085;ZSUV;2;;2;;;49;;2;49;1;grey
1086;ZUBR;2;;3;7;;68;303;10;371;2;grey